{
  "CA_2009": -0.28260887442775723,
  "CA_2010": -0.2536851320547745,
  "CA_2011": -0.2247644268674747,
  "CA_2012": -0.21411120236974318,
  "CA_2013": -0.203449890488368,
  "CA_2014": -0.19300098838176186,
  "CA_2015": -0.18259546158029064,
  "CA_2016": -0.14451860955557716,
  "CA_2017": -0.10644177438511267,
  "CA_2018": -0.1012562760029754,
  "CA_2019": -0.09614793351726184,
  "CA_2022": -0.14375115725637283,
  "CA_2023": -0.17483769752820152,
  "CA_2024": -0.20592423780003835,
  "CA_2025": -0.20219744187184488,
  "KY_2009": 0.0746195698492952,
  "KY_2010": 0.06024937060145363,
  "KY_2011": 0.045917032712763865,
  "KY_2012": 0.0760679175623405,
  "KY_2013": 0.10628834125298693,
  "KY_2014": 0.14302604386049944,
  "KY_2015": 0.17971707564750106,
  "KY_2016": 0.1376016601107925,
  "KY_2017": 0.09559601488035493,
  "KY_2018": 0.0588719913094252,
  "KY_2019": 0.022081708596615866,
  "KY_2022": -0.0936503614692013,
  "KY_2023": -0.06724739057813572,
  "KY_2024": -0.040844419687070664,
  "KY_2025": -0.03574146995355193,
  "LA_2009": -0.30623289872224363,
  "LA_2010": -0.26801516541612996,
  "LA_2011": -0.2299958802248232,
  "LA_2012": -0.22853511888003566,
  "LA_2013": -0.2273798157256451,
  "LA_2014": -0.16562512927047368,
  "LA_2015": -0.10425545668270503,
  "LA_2016": -0.16054551165309816,
  "LA_2017": -0.21690472796273738,
  "LA_2018": -0.23535588121704423,
  "LA_2019": -0.25352828750392,
  "LA_2022": -0.1983684429072024,
  "LA_2023": -0.14659182714102165,
  "LA_2024": -0.09481521137484403,
  "LA_2025": -0.09759716538012053,
  "MI_2009": -0.07230791729761224,
  "MI_2010": -0.063137896957048,
  "MI_2011": -0.053880333187137266,
  "MI_2012": -0.07228077730164327,
  "MI_2013": -0.09058653304079413,
  "MI_2014": -0.09712274807018757,
  "MI_2015": -0.10354572290466087,
  "MI_2016": -0.0852562115437162,
  "MI_2017": -0.06675710337561407,
  "MI_2018": -0.05265129920516493,
  "MI_2019": -0.0382278352059819,
  "MI_2022": -0.21580921592003796,
  "MI_2023": -0.2449442530400049,
  "MI_2024": -0.2740792901599655,
  "MI_2025": -0.28352156038044596,
  "NJ_2009": 0.171960980624638,
  "NJ_2010": 0.1995681781414555,
  "NJ_2011": 0.22717876931529982,
  "NJ_2012": 0.2364229938097216,
  "NJ_2013": 0.245739925048756,
  "NJ_2014": 0.25342114073045585,
  "NJ_2015": 0.26112219510191437,
  "NJ_2016": 0.3084770654983018,
  "NJ_2017": 0.3556232924959649,
  "NJ_2018": 0.27822354941245425,
  "NJ_2019": 0.20073852445166795,
  "NJ_2022": 0.0735471051912858,
  "NJ_2023": 0.06383506608239631,
  "NJ_2024": 0.0541230269735073,
  "NJ_2025": 0.05093691776913753,
  "OH_2009": 0.0667268864121472,
  "OH_2010": 0.0602880501569838,
  "OH_2011": 0.05369027522370437,
  "OH_2012": 0.0799921356344433,
  "OH_2013": 0.10626422005371987,
  "OH_2014": 0.12194865360079253,
  "OH_2015": 0.1376147795021972,
  "OH_2016": 0.14420234884115538,
  "OH_2017": 0.15082299277327096,
  "OH_2018": 0.1022830211826059,
  "OH_2019": 0.053724217184054034,
  "OH_2022": -0.03597165668162137,
  "OH_2023": -0.0650402670376281,
  "OH_2024": -0.09410887739363233,
  "OH_2025": -0.10404288302476723,
  "TN_2009": -0.19585070781723662,
  "TN_2010": -0.2049993298347217,
  "TN_2011": -0.21418937402543065,
  "TN_2012": -0.1156652622285275,
  "TN_2013": -0.0171266849481794,
  "TN_2014": -0.029024076874006235,
  "TN_2015": -0.04075552101086697,
  "TN_2016": -0.0343284382468889,
  "TN_2017": -0.027794774541500433,
  "TN_2018": -0.026450029997539534,
  "TN_2019": -0.0251051396546023,
  "TN_2022": -0.15404196022483366,
  "TN_2023": -0.1363673273852416,
  "TN_2024": -0.1186926945456485,
  "TN_2025": -0.11840148585583524,
  "TX_2009": -0.114566970216505,
  "TX_2010": -0.12627556126724446,
  "TX_2011": -0.13802554081428506,
  "TX_2012": -0.12615257240765132,
  "TX_2013": -0.1142176921091367,
  "TX_2014": -0.0933537323427868,
  "TX_2015": -0.07236641816633683,
  "TX_2016": -0.1065008744003641,
  "TX_2017": -0.1406202332075056,
  "TX_2018": -0.12899156636214223,
  "TX_2019": -0.11730492168137871,
  "TX_2022": -0.15659759921612626,
  "TX_2023": -0.17895933700760328,
  "TX_2024": -0.20132107479908334,
  "TX_2025": -0.2333394187760999,
  "WA_2009": 0.019569203539442435,
  "WA_2010": 0.013115735802466534,
  "WA_2011": 0.006641686944572167,
  "WA_2012": 0.06444380698857627,
  "WA_2013": 0.12220488951919724,
  "WA_2014": 0.14303780133753197,
  "WA_2015": 0.16374672380347793,
  "WA_2016": 0.12336617087496703,
  "WA_2017": 0.08289360420417294,
  "WA_2018": 0.03688505705384113,
  "WA_2019": -0.009337836046119033,
  "WA_2022": -0.07345792459262547,
  "WA_2023": -0.08747622905175713,
  "WA_2024": -0.10149453351088654,
  "WA_2025": -0.10566621787842777,
  "WI_2009": -0.0224606129488454,
  "WI_2010": 0.0077922828303168,
  "WI_2011": 0.03812752775216483,
  "WI_2012": 0.03532245980769643,
  "WI_2013": 0.032711510528812895,
  "WI_2014": 0.06702492073881616,
  "WI_2015": 0.10116182478095524,
  "WI_2016": 0.053923399257966804,
  "WI_2017": 0.006731871961974768,
  "WI_2018": 0.0052549042364238,
  "WI_2019": 0.0040302229204142665,
  "WI_2022": -0.04512029465215687,
  "WI_2023": -0.07851391936443466,
  "WI_2024": -0.11190754407671717,
  "WI_2025": -0.12269882326021056
}